{"cameraMode":{"drawMode":0,"name":"Shaded","section":"Shading Mode"},"sceneLighting":true,"audioPlay":false,"sceneViewState":{"showFog":true,"showMaterialUpdate":false,"showSkybox":true,"showFlares":true,"showImageEffects":true,"showParticleSystems":true},"in2DMode":false,"pivot":{"x":11.915913581848145,"y":1.7249349355697632,"z":10.269461631774903},"rotation":{"x":0.004507797304540873,"y":0.8165753483772278,"z":-0.006377344019711018,"w":0.5771870017051697},"size":2.2298882007598879,"orthographic":false}