{"cameraMode":{"drawMode":0,"name":"Shaded","section":"Shading Mode"},"sceneLighting":true,"audioPlay":false,"sceneViewState":{"showFog":true,"showMaterialUpdate":true,"showSkybox":true,"showFlares":true,"showImageEffects":true,"showParticleSystems":true},"in2DMode":false,"pivot":{"x":3.817110061645508,"y":15.94086742401123,"z":13.541568756103516},"rotation":{"x":-0.00046745644067414105,"y":0.9981739521026611,"z":-0.05996226146817207,"w":-0.007773137651383877},"size":6.5884013175964359,"orthographic":false}