{"cameraMode":{"drawMode":0,"name":"Shaded","section":"Shading Mode"},"sceneLighting":true,"audioPlay":false,"sceneViewState":{"showFog":true,"showMaterialUpdate":false,"showSkybox":true,"showFlares":true,"showImageEffects":true,"showParticleSystems":true},"in2DMode":false,"pivot":{"x":-2.9291324615478517,"y":3.783421277999878,"z":6.8079071044921879},"rotation":{"x":-0.018859120085835458,"y":0.715280294418335,"z":0.01931726187467575,"w":0.698316216468811},"size":1.99375319480896,"orthographic":false}